id;nom;prenom;courriel;adresse;type
1;Cambodia Frozen Concrete;Borders;Senior;plug-and-play;Admin
2;monetize viral North;Solutions Global;Fantastic SSL dynamic;withdrawal Borders cyan;Admin
3;Granite drive;context-sensitive strategic calculate;maximized Oval withdrawal;Garden;Acheteur
4;Dollar;Clothing out-of-the-box;Keyboard;Tajikistan Idaho invoice;Admin
5;Representative Oklahoma Ergonomic;generation quantifying;Dakota attitude-oriented;Yemeni Product;Acheteur
6;Unbranded Program;array;Paradigm Orchestrator;synthesizing Credit;Acheteur
7;Agent;Netherlands deposit ROI;Creek;discrete Chair;Admin
8;Monaco Account;framework orchid Security;Books Berkshire initiatives;JSON Cross-platform Baby;Acheteur
9;panel withdrawal transmit;bricks-and-clicks Implemented;Credit Arkansas holistic;24;Admin
10;Greens Maine Shirt;Baht;Chair International;Table adapter;Acheteur
